1 FURTHER TRIGONOMETRY	5
2 EXPONENTIAL FUNCTIONS	66
3 LOGARITHMS	119
4 INTRODUCTION TO COMPLEX NUMBERS	183
5 REAL POLYNOMIALS	201
6 FURTHER FUNCTIONS	301
7 COUNTING	358
8 THE BINOMIAL THEOREM	379
9 REASONING AND PROOF	413
10 PROOF BY MATHEMATICAL INDUCTION	443
11 LINEAR ALGEBRA	506
12 VECTORS	539
13 VECTOR APPLICATIONS	640
14 COMPLEX NUMBERS	755
15 LIMITS	829
16 INTRODUCTION TO DIFFERENTIAL CALCULUS	853
17 RULES OF DIFFERENTIATION	885
18 PROPERTIES OF CURVES	994
19 APPLICATIONS OF DIFFERENTIATION	1147
20 INTRODUCTION TO INTEGRATION	1212
21 TECHNIQUES FOR INTEGRATION	1236
22 DEFINITE INTEGRALS	1325
23 KINEMATICS	1444
24 MACLAURIN SERIES	1482
25 DIFFERENTIAL EQUATIONS	1530
26 BIVARIATE STATISTICS	1612
27 DISCRETE RANDOM VARIABLES	1655
28 CONTINUOUS RANDOM VARIABLES	1703